Type 1,HP,Attack,Sp. Atk,Sp. Def,Speed,Total Power Level
Dragon,83.3125,112.125,96.84375,88.84375,83.03125,1856.625
Electric,59.79545454545455,69.0909090909091,90.02272727272727,73.70454545454545,84.5,1508.4545454545453
Dark,66.80645161290323,88.38709677419355,74.64516129032258,69.51612903225806,76.16129032258064,1502.0645161290322
Fairy,74.11764705882354,61.529411764705884,78.52941176470588,84.70588235294117,48.588235294117645,1389.8823529411766
Bug,56.88405797101449,70.97101449275362,53.869565217391305,64.79710144927536,61.68115942028985,1232.8115942028985
